country,value
Afghanistan_christians,30000
Albania_christians,580000
Algeria_christians,60000
American Samoa_christians,50000
Andorra_christians,70000
Angola_christians,17270000
Anguilla_christians,10000
Antigua and Barbuda_christians,80000
Argentina_christians,34420000
Armenia_christians,3050000
Aruba_christians,100000
Australia_christians,14980000
Austria_christians,6750000
Azerbaijan_christians,280000
Bahamas_christians,330000
Bahrain_christians,180000
Bangladesh_christians,450000
Barbados_christians,260000
Belarus_christians,6830000
Belgium_christians,6880000
Belize_christians,270000
Benin_christians,4690000
Bermuda_christians,50000
Bhutan_christians,5000
Bolivia_christians,9330000
Bosnia and Herzegovina_christians,1970000
Botswana_christians,1450000
Brazil_christians,173300000
British Virgin Islands_christians,20000
Brunei_christians,40000
Bulgaria_christians,6150000
Burkina Faso_christians,3710000
Burundi_christians,7670000
Cambodia_christians,50000
Cameroon_christians,13780000
Canada_christians,23470000
Cape Verde_christians,440000
Cayman Islands_christians,50000
Central African Republic_christians,3940000
Chad_christians,4560000
Chile_christians,15300000
China_christians,68410000
Colombia_christians,42810000
Comoros_christians,5000
Cook Islands_christians,20000
Costa Rica_christians,4230000
Croatia_christians,4110000
Cuba_christians,6670000
Curacao_christians,140000
Cyprus_christians,810000
Czech Republic_christians,2450000
Denmark_christians,4630000
Djibouti_christians,20000
Dominica_christians,70000
Dominican Republic_christians,8740000
DR Congo_christians,63210000
Ecuador_christians,13610000
Egypt_christians,4120000
El Salvador_christians,5460000
Equatorial Guinea_christians,620000
Eritrea_christians,3310000
Estonia_christians,540000
Eswatini_christians,1040000
Ethiopia_christians,52070000
Falkland Islands_christians,5000
Faroe Islands_christians,50000
Fiji_christians,550000
Finland_christians,4300000
France_christians,39560000
French Guiana_christians,200000
French Polynesia_christians,250000
Gabon_christians,1150000
Gambia_christians,80000
Georgia_christians,3850000
Germany_christians,56540000
Ghana_christians,18260000
Gibraltar_christians,30000
Greece_christians,10010000
Greenland_christians,50000
Grenada_christians,100000
Guadeloupe_christians,440000
Guam_christians,170000
Guatemala_christians,13690000
Guinea_christians,1090000
Guinea-Bissau_christians,300000
Guyana_christians,500000
Haiti_christians,8690000
Honduras_christians,6660000
Hong Kong_christians,1010000
Hungary_christians,8090000
Iceland_christians,300000
India_christians,31130000
Indonesia_christians,23660000
Iran_christians,110000
Iraq_christians,270000
Ireland_christians,4110000
Isle of Man_christians,70000
Israel_christians,150000
Italy_christians,50440000
Ivory Coast_christians,8710000
Jamaica_christians,2120000
Japan_christians,2030000
Jordan_christians,130000
Kazakhstan_christians,3970000
Kenya_christians,34340000
Kiribati_christians,90000
Kuwait_christians,390000
Kyrgyzstan_christians,610000
Laos_christians,90000
Latvia_christians,1260000
Lebanon_christians,1620000
Lesotho_christians,2100000
Liberia_christians,3430000
Libya_christians,170000
Liechtenstein_christians,30000
Lithuania_christians,2980000
Luxembourg_christians,360000
Macau_christians,40000
Madagascar_christians,17680000
Malawi_christians,12320000
Malaysia_christians,2670000
Maldives_christians,5000
Mali_christians,370000
Malta_christians,400000
Marshall Islands_christians,50000
Martinique_christians,390000
Mauritania_christians,5000
Mauritius_christians,420000
Mayotte_christians,5000
Mexico_christians,107910000
Micronesia_christians,110000
Moldova_christians,3480000
Monaco_christians,30000
Mongolia_christians,60000
Montenegro_christians,490000
Montserrat_christians,5000
Morocco_christians,20000
Mozambique_christians,13260000
Myanmar_christians,3750000
Namibia_christians,2230000
Nauru_christians,5000
Nepal_christians,140000
Netherlands_christians,8410000
New Caledonia_christians,210000
New Zealand_christians,2490000
Nicaragua_christians,4970000
Niger_christians,120000
Nigeria_christians,78050000
Niue_christians,5000
North Korea_christians,480000
Northern Mariana Islands_christians,40000
Norway_christians,4140000
Oman_christians,180000
Pakistan_christians,2750000
Palau_christians,20000
Palestine_christians,100000
Panama_christians,3270000
Papua New Guinea_christians,6800000
Paraguay_christians,6250000
Peru_christians,27780000
Philippines_christians,86370000
Poland_christians,36100000
Portugal_christians,9810000
Puerto Rico_christians,3630000
Qatar_christians,240000
Republic of the Congo_christians,3470000
Reunion_christians,740000
Romania_christians,21380000
Russia_christians,104750000
Rwanda_christians,9920000
Saint Kitts and Nevis_christians,50000
Saint Pierre and Miquelon_christians,5000
Saint Vincent and the Grenadines_christians,100000
Samoa_christians,180000
San Marino_christians,30000
Sao Tome and Principe_christians,140000
Saudi Arabia_christians,1200000
Senegal_christians,450000
Serbia_christians,7490000
Seychelles_christians,90000
Sierra Leone_christians,1230000
Singapore_christians,920000
Sint Maarten_christians,40000
Slovakia_christians,4660000
Slovenia_christians,1590000
Solomon Islands_christians,520000
Somalia_christians,5000
South Africa_christians,40710000
South Korea_christians,14170000
South Sudan_christians,6010000
Spain_christians,36240000
Sri Lanka_christians,1530000
Sudan_christians,1810000
Suriname_christians,270000
Sweden_christians,6310000
Switzerland_christians,5570000
Syria_christians,1060000
Taiwan_christians,1280000
Tajikistan_christians,110000
Tanzania_christians,27540000
Thailand_christians,600000
Timor-Leste_christians,1120000
Togo_christians,2640000
Tokelau_christians,5000
Tonga_christians,100000
Trinidad and Tobago_christians,880000
Tunisia_christians,20000
Turkey_christians,320000
Turkmenistan_christians,320000
Turks and Caicos Islands_christians,30000
Tuvalu_christians,5000
Uganda_christians,28980000
Ukraine_christians,38100000
United Arab Emirates_christians,940000
United Kingdom_christians,39890000
United States_christians,243060000
United States Virgin Islands_christians,100000
Uruguay_christians,1950000
Uzbekistan_christians,630000
Vanuatu_christians,220000
Vatican City_christians,5000
Venezuela_christians,25890000
Vietnam_christians,7170000
Wallis and Futuna_christians,10000
Western Sahara_christians,5000
Yemen_christians,40000
Zambia_christians,12770000
Zimbabwe_christians,10930000
Afghanistan_muslims,31330000
Albania_muslims,2570000
Algeria_muslims,34730000
American Samoa_muslims,5000
Andorra_muslims,5000
Angola_muslims,40000
Anguilla_muslims,5000
Antigua and Barbuda_muslims,5000
Argentina_muslims,400000
Armenia_muslims,5000
Aruba_muslims,5000
Australia_muslims,540000
Austria_muslims,450000
Azerbaijan_muslims,8900000
Bahamas_muslims,5000
Bahrain_muslims,890000
Bangladesh_muslims,134430000
Barbados_muslims,5000
Belarus_muslims,20000
Belgium_muslims,630000
Belize_muslims,5000
Benin_muslims,2110000
Bermuda_muslims,5000
Bhutan_muslims,5000
Bolivia_muslims,5000
Bosnia and Herzegovina_muslims,1700000
Botswana_muslims_muslims,5000
Brazil_muslims,40000
British Virgin Islands_muslims,5000
Brunei_muslims,300000
Bulgaria_muslims,1020000
Burkina Faso_muslims,10150000
Burundi_muslims,230000
Cambodia_muslims,280000
Cameroon_muslims,3590000
Canada_muslims,710000
Cape Verde_muslims,5000
Cayman Islands_muslims,5000
Central African Republic_muslims,370000
Chad_muslims,6210000
Chile_muslims,5000
China_muslims,24690000
Colombia_muslims,10000
Comoros_muslims,720000
Cook Islands_muslims,5000
Costa Rica_muslims,5000
Croatia_muslims,60000
Cuba_muslims,5000
Curacao_muslims,5000
Cyprus_muslims,280000
Czech Republic_muslims,5000
Denmark_muslims,230000
Djibouti_muslims,860000
Dominica_muslims,5000
Dominican Republic_muslims,5000
DR Congo_muslims,970000
Ecuador_muslims,5000
Egypt_muslims,76990000
El Salvador_muslims,5000
Equatorial Guinea_muslims,30000
Eritrea_muslims,1920000
Estonia_muslims,5000
Eswatini_muslims,5000
Ethiopia_muslims,28680000
Falkland Islands_muslims,5000
Faroe Islands_muslims,5000
Fiji_muslims,50000
Finland_muslims,40000
France_muslims,4710000
French Guiana_muslims,5000
French Polynesia_muslims,5000
Gabon_muslims,170000
Gambia_muslims,1640000
Georgia_muslims,470000
Germany_muslims,4760000
Ghana_muslims,3860000
Gibraltar_muslims,5000
Greece_muslims,610000
Greenland_muslims,5000
Grenada_muslims,5000
Guadeloupe_muslims,5000
Guam_muslims,5000
Guatemala_muslims,5000
Guinea_muslims,8430000
Guinea-Bissau_muslims,680000
Guyana_muslims,50000
Haiti_muslims,5000
Honduras_muslims,10000
Hong Kong_muslims,130000
Hungary_muslims,5000
Iceland_muslims,5000
India_muslims,176200000
Indonesia_muslims,209120000
Iran_muslims,73570000
Iraq_muslims,31340000
Ireland_muslims,50000
Isle of Man_muslims,5000
Israel_muslims,1380000
Italy_muslims,2220000
Ivory Coast_muslims,7390000
Jamaica_muslims,5000
Japan_muslims,200000
Jordan_muslims,6010000
Kazakhstan_muslims,11290000
Kenya_muslims,3920000
Kiribati_muslims,5000
Kuwait_muslims,2030000
Kyrgyzstan_muslims,4690000
Laos_muslims,5000
Latvia_muslims,5000
Lebanon_muslims,2590000
Lesotho_muslims,5000
Liberia_muslims,480000
Libya_muslims,6140000
Liechtenstein_muslims,5000
Lithuania_muslims,5000
Luxembourg_muslims,10000
Macau_muslims,5000
Madagascar_muslims,620000
Malawi_muslims,1930000
Malaysia_muslims,18100000
Maldives_muslims,310000
Mali_muslims,14510000
Malta_muslims,5000
Marshall Islands_muslims,5000
Martinique_muslims,5000
Mauritania_muslims,3430000
Mauritius_muslims,220000
Mayotte_muslims,200000
Mexico_muslims,5000
Micronesia_muslims,5000
Moldova_muslims,20000
Monaco_muslims,5000
Mongolia_muslims,90000
Montenegro_muslims,120000
Montserrat_muslims,5000
Morocco_muslims,31930000
Mozambique_muslims,4200000
Myanmar_muslims,1900000
Namibia_muslims,5000
Nauru_muslims,5000
Nepal_muslims,1370000
Netherlands_muslims,1000000
New Caledonia_muslims,5000
New Zealand_muslims,50000
Nicaragua_muslims,5000
Niger_muslims,15270000
Nigeria_muslims,77300000
Niue_muslims,5000
North Korea_muslims,5000
Northern Mariana Islands_muslims,5000
Norway_muslims,180000
Oman_muslims,2390000
Pakistan_muslims,167410000
Palau_muslims,5000
Palestine_muslims,3940000
Panama_muslims,30000
Papua New Guinea_muslims,5000
Paraguay_muslims,5000
Peru_muslims,5000
Philippines_muslims,5150000
Poland_muslims,5000
Portugal_muslims,30000
Puerto Rico_muslims,5000
Qatar_muslims,1190000
Republic of the Congo_muslims,50000
Reunion_muslims,40000
Romania_muslims,70000
Russia_muslims,14290000
Rwanda_muslims,190000
Saint Kitts and Nevis_muslims,5000
Saint Pierre and Miquelon_muslims,5000
Saint Vincent and the Grenadines_muslims,5000
Samoa_muslims,5000
San Marino_muslims,5000
Sao Tome and Principe_muslims,5000
Saudi Arabia_muslims,25520000
Senegal_muslims,11980000
Serbia_muslims,330000
Seychelles_muslims,5000
Sierra Leone_muslims,4580000
Singapore_muslims,730000
Sint Maarten_muslims,5000
Slovakia_muslims,5000
Slovenia_muslims,70000
Solomon Islands_muslims,5000
Somalia_muslims,9310000
South Africa_muslims,860000
South Korea_muslims,100000
South Sudan_muslims,610000
Spain_muslims,980000
Sri Lanka_muslims,2040000
Sudan_muslims,30490000
Suriname_muslims,80000
Sweden_muslims,430000
Switzerland_muslims,380000
Syria_muslims,18930000
Taiwan_muslims,10000
Tajikistan_muslims,6650000
Tanzania_muslims,15770000
Thailand_muslims,3770000
Timor-Leste_muslims,5000
Togo_muslims,840000
Tokelau_muslims,5000
Tonga_muslims,5000
Trinidad and Tobago_muslims,80000
Tunisia_muslims,10430000
Turkey_muslims,71330000
Turkmenistan_muslims,4690000
Turks and Caicos Islands_muslims,5000
Tuvalu_muslims,5000
Uganda_muslims,3840000
Ukraine_muslims,560000
United Arab Emirates_muslims,5780000
United Kingdom_muslims,2960000
United States_muslims,2770000
United States Virgin Islands_muslims,5000
Uruguay_muslims,5000
Uzbekistan_muslims,26550000
Vanuatu_muslims,5000
Vatican City_muslims,5000
Venezuela_muslims,90000
Vietnam_muslims,160000
Wallis and Futuna_muslims,5000
Western Sahara_muslims,530000
Yemen_muslims,23830000
Zambia_muslims,70000
Zimbabwe_muslims,110000
Afghanistan_hindus,10000
Albania_hindus,5000
Algeria_hindus,5000
American Samoa_hindus,5000
Andorra_hindus,5000
Angola_hindus,5000
Anguilla_hindus,5000
Antigua and Barbuda_hindus,5000
Argentina_hindus,5000
Armenia_hindus,5000
Aruba_hindus,5000
Australia_hindus,310000
Austria_hindus,5000
Azerbaijan_hindus,5000
Bahamas_hindus,5000
Bahrain_hindus,120000
Bangladesh_hindus,12680000
Barbados_hindus,5000
Belarus_hindus,5000
Belgium_hindus,5000
Belize_hindus,5000
Benin_hindus,5000
Bermuda_hindus,5000
Bhutan_hindus,160000
Bolivia_hindus,5000
Bosnia and Herzegovina_hindus,5000
Botswana_hindus,5000
Brazil_hindus,5000
British Virgin Islands_hindus,5000
Brunei_hindus,5000
Bulgaria_hindus,5000
Burkina Faso_hindus,5000
Burundi_hindus,5000
Cambodia_hindus,5000
Cameroon_hindus,5000
Canada_hindus,470000
Cape Verde_hindus,5000
Cayman Islands_hindus,5000
Central African Republic_hindus,5000
Chad_hindus,5000
Chile_hindus,5000
China_hindus,20000
Colombia_hindus,5000
Comoros_hindus,5000
Cook Islands_hindus,5000
Costa Rica_hindus,5000
Croatia_hindus,5000
Cuba_hindus,20000
Curacao_hindus,5000
Cyprus_hindus,5000
Czech Republic_hindus,5000
Denmark_hindus,20000
Djibouti_hindus,5000
Dominica_hindus,5000
Dominican Republic_hindus,5000
DR Congo_hindus,30000
Ecuador_hindus,5000
Egypt_hindus,5000
El Salvador_hindus,5000
Equatorial Guinea_hindus,5000
Eritrea_hindus,5000
Estonia_hindus,5000
Eswatini_hindus,5000
Ethiopia_hindus,5000
Falkland Islands_hindus,5000
Faroe Islands_hindus,5000
Fiji_hindus,240000
Finland_hindus,5000
France_hindus,30000
French Guiana_hindus,5000
French Polynesia_hindus,5000
Gabon_hindus,5000
Gambia_hindus,5000
Georgia_hindus,5000
Germany_hindus,80000
Ghana_hindus,5000
Gibraltar_hindus,5000
Greece_hindus,20000
Greenland_hindus,5000
Grenada_hindus,5000
Guadeloupe_hindus,5000
Guam_hindus,5000
Guatemala_hindus,5000
Guinea_hindus,5000
Guinea-Bissau_hindus,5000
Guyana_hindus,190000
Haiti_hindus,5000
Honduras_hindus,5000
Hong Kong_hindus,30000
Hungary_hindus,5000
Iceland_hindus,5000
India_hindus,973750000
Indonesia_hindus,4050000
Iran_hindus,20000
Iraq_hindus,5000
Ireland_hindus,10000
Isle of Man_hindus,5000
Israel_hindus,5000
Italy_hindus,90000
Ivory Coast_hindus,5000
Jamaica_hindus,5000
Japan_hindus,30000
Jordan_hindus,5000
Kazakhstan_hindus,5000
Kenya_hindus,60000
Kiribati_hindus,5000
Kuwait_hindus,230000
Kyrgyzstan_hindus,5000
Laos_hindus,5000
Latvia_hindus,5000
Lebanon_hindus,5000
Lesotho_hindus,5000
Liberia_hindus,5000
Libya_hindus,5000
Liechtenstein_hindus,5000
Lithuania_hindus,5000
Luxembourg_hindus,5000
Macau_hindus,5000
Madagascar_hindus,10000
Malawi_hindus,5000
Malaysia_hindus,1720000
Maldives_hindus,5000
Mali_hindus,5000
Malta_hindus,5000
Marshall Islands_hindus,5000
Martinique_hindus,5000
Mauritania_hindus,5000
Mauritius_hindus,630000
Mayotte_hindus,5000
Mexico_hindus,5000
Micronesia_hindus,5000
Moldova_hindus,5000
Monaco_hindus,5000
Mongolia_hindus,5000
Montenegro_hindus,5000
Montserrat_hindus,5000
Morocco_hindus,5000
Mozambique_hindus,5000
Myanmar_hindus,820000
Namibia_hindus,5000
Nauru_hindus,5000
Nepal_hindus,24170000
Netherlands_hindus,80000
New Caledonia_hindus,5000
New Zealand_hindus,90000
Nicaragua_hindus,5000
Niger_hindus,5000
Nigeria_hindus,5000
Niue_hindus,5000
North Korea_hindus,5000
Northern Mariana Islands_hindus,5000
Norway_hindus,20000
Oman_hindus,150000
Pakistan_hindus,3330000
Palau_hindus,5000
Palestine_hindus,5000
Panama_hindus,5000
Papua New Guinea_hindus,5000
Paraguay_hindus,5000
Peru_hindus,5000
Philippines_hindus,5000
Poland_hindus,5000
Portugal_hindus,5000
Puerto Rico_hindus,5000
Qatar_hindus,240000
Republic of the Congo_hindus,5000
Reunion_hindus,40000
Romania_hindus,5000
Russia_hindus,30000
Rwanda_hindus,5000
Saint Kitts and Nevis_hindus,5000
Saint Pierre and Miquelon_hindus,5000
Saint Vincent and the Grenadines_hindus,5000
Samoa_hindus,5000
San Marino_hindus,5000
Sao Tome and Principe_hindus,5000
Saudi Arabia_hindus,310000
Senegal_hindus,5000
Serbia_hindus,5000
Seychelles_hindus,5000
Sierra Leone_hindus,5000
Singapore_hindus,260000
Sint Maarten_hindus,5000
Slovakia_hindus,5000
Slovenia_hindus,5000
Solomon Islands_hindus,5000
Somalia_hindus,5000
South Africa_hindus,570000
South Korea_hindus,5000
South Sudan_hindus,5000
Spain_hindus,20000
Sri Lanka_hindus,2830000
Sudan_hindus,5000
Suriname_hindus,100000
Sweden_hindus,20000
Switzerland_hindus,40000
Syria_hindus,5000
Taiwan_hindus,5000
Tajikistan_hindus,5000
Tanzania_hindus,50000
Thailand_hindus,70000
Timor-Leste_hindus,5000
Togo_hindus,5000
Tokelau_hindus,5000
Tonga_hindus,5000
Trinidad and Tobago_hindus,300000
Tunisia_hindus,5000
Turkey_hindus,5000
Turkmenistan_hindus,5000
Turks and Caicos Islands_hindus,5000
Tuvalu_hindus,5000
Uganda_hindus,100000
Ukraine_hindus,10000
United Arab Emirates_hindus,490000
United Kingdom_hindus,890000
United States_hindus,1790000
United States Virgin Islands_hindus,5000
Uruguay_hindus,5000
Uzbekistan_hindus,5000
Vanuatu_hindus,5000
Vatican City_hindus,5000
Venezuela_hindus,5000
Vietnam_hindus,5000
Wallis and Futuna_hindus,5000
Western Sahara_hindus,5000
Yemen_hindus,150000
Zambia_hindus,10000
Zimbabwe_hindus,5000
Afghanistan_buddhists,5000
Albania_buddhists,5000
Algeria_buddhists,5000
American Samoa_buddhists,5000
Andorra_buddhists,5000
Angola_buddhists,5000
Anguilla_buddhists,5000
Antigua and Barbuda_buddhists,5000
Argentina_buddhists,20000
Armenia_buddhists,5000
Aruba_buddhists,5000
Australia_buddhists,600000
Austria_buddhists,20000
Azerbaijan_buddhists,5000
Bahamas_buddhists,5000
Bahrain_buddhists,30000
Bangladesh_buddhists,920000
Barbados_buddhists,5000
Belarus_buddhists,5000
Belgium_buddhists,30000
Belize_buddhists,5000
Benin_buddhists,5000
Bermuda_buddhists,5000
Bhutan_buddhists,540000
Bolivia_buddhists,5000
Bosnia and Herzegovina_buddhists,5000
Botswana_buddhists,5000
Brazil_buddhists,250000
British Virgin Islands_buddhists,5000
Brunei_buddhists,30000
Bulgaria_buddhists,5000
Burkina Faso_buddhists,5000
Burundi_buddhists,5000
Cambodia_buddhists,13690000
Cameroon_buddhists,5000
Canada_buddhists,280000
Cape Verde_buddhists,5000
Cayman Islands_buddhists,5000
Central African Republic_buddhists,5000
Chad_buddhists,5000
Chile_buddhists,10000
China_buddhists,244110000
Colombia_buddhists,5000
Comoros_buddhists,5000
Cook Islands_buddhists,5000
Costa Rica_buddhists,5000
Croatia_buddhists,5000
Cuba_buddhists,5000
Curacao_buddhists,5000
Cyprus_buddhists,5000
Czech Republic_buddhists,5000
Denmark_buddhists_buddhists,10000
Djibouti_buddhists_buddhists,5000
Dominica_buddhists,5000
Dominican Republic_buddhists,5000
DR Congo_buddhists,5000
Ecuador_buddhists,5000
Egypt_buddhists,5000
El Salvador_buddhists,5000
Equatorial Guinea_buddhists,5000
Eritrea_buddhists,5000
Estonia_buddhists,5000
Eswatini_buddhists,5000
Ethiopia_buddhists,5000
Falkland Islands_buddhists,5000
Faroe Islands_buddhists,5000
Fiji_buddhists,5000
Finland_buddhists,5000
France_buddhists,280000
French Guiana_buddhists,5000
French Polynesia_buddhists,5000
Gabon_buddhists,5000
Gambia_buddhists,5000
Georgia_buddhists,5000
Germany_buddhists,210000
Ghana_buddhists,5000
Gibraltar_buddhists,5000
Greece_buddhists,5000
Greenland_buddhists,5000
Grenada_buddhists,5000
Guadeloupe_buddhists,5000
Guam_buddhists,5000
Guatemala_buddhists,5000
Guinea_buddhists,5000
Guinea-Bissau_buddhists,5000
Guyana_buddhists,5000
Haiti_buddhists,5000
Honduras_buddhists,5000
Hong Kong_buddhists,930000
Hungary_buddhists,5000
Iceland_buddhists,5000
India_buddhists,9250000
Indonesia_buddhists,1720000
Iran_buddhists,5000
Iraq_buddhists,5000
Ireland_buddhists,5000
Isle of Man_buddhists,5000
Israel_buddhists,20000
Italy_buddhists,110000
Ivory Coast_buddhists,5000
Jamaica_buddhists,5000
Japan_buddhists,45820000
Jordan_buddhists,20000
Kazakhstan_buddhists,40000
Kenya_buddhists,5000
Kiribati_buddhists,5000
Kuwait_buddhists,80000
Kyrgyzstan_buddhists,5000
Laos_buddhists,4100000
Latvia_buddhists,5000
Lebanon_buddhists,5000
Lesotho_buddhists,5000
Liberia_buddhists,5000
Libya_buddhists,20000
Liechtenstein_buddhists,5000
Lithuania_buddhists,5000
Luxembourg_buddhists,5000
Macau_buddhists,90000
Madagascar_buddhists,5000
Malawi_buddhists,5000
Malaysia_buddhists,5010000
Maldives_buddhists,5000
Mali_buddhists,5000
Malta_buddhists,5000
Marshall Islands_buddhists,5000
Martinique_buddhists,5000
Mauritania_buddhists,5000
Mauritius_buddhists,5000
Mayotte_buddhists,5000
Mexico_buddhists,5000
Micronesia_buddhists,5000
Moldova_buddhists,5000
Monaco_buddhists,5000
Mongolia_buddhists,1520000
Montenegro_buddhists,5000
Montserrat_buddhists,5000
Morocco_buddhists,5000
Mozambique_buddhists,5000
Myanmar_buddhists,38410000
Namibia_buddhists,5000
Nauru_buddhists,5000
Nepal_buddhists,3080000
Netherlands_buddhists,40000
New Caledonia_buddhists,5000
New Zealand_buddhists,70000
Nicaragua_buddhists,5000
Niger_buddhists,5000
Nigeria_buddhists,10000
Niue_buddhists,5000
North Korea_buddhists,370000
Northern Mariana Islands_buddhists,5000
Norway_buddhists,30000
Oman_buddhists,20000
Pakistan_buddhists,20000
Palau_buddhists,5000
Palestine_buddhists,5000
Panama_buddhists,5000
Papua New Guinea_buddhists,5000
Paraguay_buddhists,5000
Peru_buddhists,50000
Philippines_buddhists,80000
Poland_buddhists,5000
Portugal_buddhists,20000
Puerto Rico_buddhists,10000
Qatar_buddhists,50000
Republic of the Congo_buddhists,5000
Reunion_buddhists,5000
Romania_buddhists,5000
Russia_buddhists,170000
Rwanda_buddhists,5000
Saint Kitts and Nevis_buddhists,5000
Saint Pierre and Miquelon_buddhists,5000
Saint Vincent and the Grenadines_buddhists,5000
Samoa_buddhists,5000
San Marino_buddhists,5000
Sao Tome and Principe_buddhists,5000
Saudi Arabia_buddhists,90000
Senegal_buddhists,5000
Serbia_buddhists,5000
Seychelles_buddhists,5000
Sierra Leone_buddhists,5000
Singapore_buddhists,1730000
Sint Maarten_buddhists,5000
Slovakia_buddhists,5000
Slovenia_buddhists,5000
Solomon Islands_buddhists,5000
Somalia_buddhists,5000
South Africa_buddhists,100000
South Korea_buddhists,11050000
South Sudan_buddhists,5000
Spain_buddhists,5000
Sri Lanka_buddhists,14450000
Sudan_buddhists,5000
Suriname_buddhists,5000
Sweden_buddhists,40000
Switzerland_buddhists,40000
Syria_buddhists,5000
Taiwan_buddhists,4950000
Tajikistan_buddhists,5000
Tanzania_buddhists,5000
Thailand_buddhists,64420000
Timor-Leste_buddhists,5000
Togo_buddhists,5000
Tokelau_buddhists,5000
Tonga_buddhists,5000
Trinidad and Tobago_buddhists,5000
Tunisia_buddhists,5000
Turkey_buddhists,40000
Turkmenistan_buddhists,5000
Turks and Caicos Islands_buddhists,5000
Tuvalu_buddhists,5000
Uganda_buddhists,5000
Ukraine_buddhists,20000
United Arab Emirates_buddhists,150000
United Kingdom_buddhists,280000
United States_buddhists,3570000
United States Virgin Islands_buddhists,5000
Uruguay_buddhists,5000
Uzbekistan_buddhists,10000
Vanuatu_buddhists,5000
Vatican City_buddhists,5000
Venezuela_buddhists,5000
Vietnam_buddhists,14380000
Wallis and Futuna_buddhists,5000
Western Sahara_buddhists,5000
Yemen_buddhists,5000
Zambia_buddhists,5000
Zimbabwe_buddhists,5000
Afghanistan_jews,5000
Albania_jews,5000
Algeria_jews,5000
American Samoa_jews,5000
Andorra_jews,5000
Angola_jews,5000
Anguilla_jews,5000
Antigua and Barbuda_jews,5000
Argentina_jews,200000
Armenia_jews,5000
Aruba_jews,5000
Australia_jews,110000
Austria_jews,10000
Azerbaijan_jews,5000
Bahamas_jews,5000
Bahrain_jews,5000
Bangladesh_jews,5000
Barbados_jews,5000
Belarus_jews,5000
Belgium_jews,30000
Belize_jews,5000
Benin_jews,5000
Bermuda_jews,5000
Bhutan_jews,5000
Bolivia_jews,5000
Bosnia and Herzegovina_jews,5000
Botswana_jews,5000
Brazil_jews,110000
British Virgin Islands_jews,5000
Brunei_jews,5000
Bulgaria_jews,5000
Burkina Faso_jews,5000
Burundi_jews,5000
Cambodia_jews,5000
Cameroon_jews,5000
Canada_jews,350000
Cape Verde_jews,5000
Cayman Islands_jews,5000
Central African Republic_jews,5000
Chad_jews,5000
Chile_jews,20000
China_jews,5000
Colombia_jews,5000
Comoros_jews,5000
Cook Islands_jews,5000
Costa Rica_jews,5000
Croatia_jews,5000
Cuba_jews,5000
Curacao_jews,5000
Cyprus_jews,5000
Czech Republic_jews,5000
Denmark_jews,5000
Djibouti_jews,5000
Dominica_jews,5000
Dominican Republic_jews,5000
DR Congo_jews,5000
Ecuador_jews,5000
Egypt_jews,5000
El Salvador_jews,5000
Equatorial Guinea_jews,5000
Eritrea_jews,5000
Estonia_jews,5000
Eswatini_jews,5000
Ethiopia_jews,5000
Falkland Islands_jews,5000
Faroe Islands_jews,5000
Fiji_jews,5000
Finland_jews,5000
France_jews,310000
French Guiana_jews,5000
French Polynesia_jews,5000
Gabon_jews,5000
Gambia_jews,5000
Georgia_jews,5000
Germany_jews,230000
Ghana_jews,5000
Gibraltar_jews,5000
Greece_jews,5000
Greenland_jews,5000
Grenada_jews,5000
Guadeloupe_jews,5000
Guam_jews,5000
Guatemala_jews,5000
Guinea_jews,5000
Guinea-Bissau_jews,5000
Guyana_jews,5000
Haiti_jews,5000
Honduras_jews,5000
Hong Kong_jews,5000
Hungary_jews,10000
Iceland_jews,5000
India_jews,10000
Indonesia_jews,5000
Iran_jews,5000
Iraq_jews,5000
Ireland_jews,5000
Isle of Man_jews,5000
Israel_jews,5610000
Italy_jews,50000
Ivory Coast_jews,5000
Jamaica_jews,5000
Japan_jews,5000
Jordan_jews,5000
Kazakhstan_jews,5000
Kenya_jews,5000
Kiribati_jews,5000
Kuwait_jews,5000
Kyrgyzstan_jews,5000
Laos_jews,5000
Latvia_jews,5000
Lebanon_jews,5000
Lesotho_jews,5000
Liberia_jews,5000
Libya_jews,5000
Liechtenstein_jews,5000
Lithuania_jews,5000
Luxembourg_jews,5000
Macau_jews,5000
Madagascar_jews,5000
Malawi_jews,5000
Malaysia_jews,5000
Maldives_jews,5000
Mali_jews,5000
Malta_jews,5000
Marshall Islands_jews,5000
Martinique_jews,5000
Mauritania_jews,5000
Mauritius_jews,5000
Mayotte_jews,5000
Mexico_jews,70000
Micronesia_jews,5000
Moldova_jews,20000
Monaco_jews,5000
Mongolia_jews,5000
Montenegro_jews,5000
Montserrat_jews,5000
Morocco_jews,5000
Mozambique_jews,5000
Myanmar_jews,5000
Namibia_jews,5000
Nauru_jews,5000
Nepal_jews,5000
Netherlands_jews,30000
New Caledonia_jews,5000
New Zealand_jews,5000
Nicaragua_jews,5000
Niger_jews,5000
Nigeria_jews,5000
Niue_jews,5000
North Korea_jews,5000
Northern Mariana Islands_jews,5000
Norway_jews,5000
Oman_jews,5000
Pakistan_jews,5000
Palau_jews,5000
Palestine_jews,5000
Panama_jews,10000
Papua New Guinea_jews,5000
Paraguay_jews,5000
Peru_jews,5000
Philippines_jews,5000
Poland_jews,10000
Portugal_jews,5000
Puerto Rico_jews,5000
Qatar_jews,5000
Republic of the Congo_jews,5000
Reunion_jews,5000
Romania_jews,5000
Russia_jews,230000
Rwanda_jews,5000
Saint Kitts and Nevis_jews,5000
Saint Pierre and Miquelon_jews,5000
Saint Vincent and the Grenadines_jews,5000
Samoa_jews,5000
San Marino_jews,5000
Sao Tome and Principe_jews,5000
Saudi Arabia_jews,5000
Senegal_jews,5000
Serbia_jews,5000
Seychelles_jews,5000
Sierra Leone_jews,5000
Singapore_jews,5000
Sint Maarten_jews,5000
Slovakia_jews,5000
Slovenia_jews,5000
Solomon Islands_jews,5000
Somalia_jews,5000
South Africa_jews,70000
South Korea_jews,5000
South Sudan_jews,5000
Spain_jews,60000
Sri Lanka_jews,5000
Sudan_jews,5000
Suriname_jews,5000
Sweden_jews,10000
Switzerland_jews,20000
Syria_jews,5000
Taiwan_jews,5000
Tajikistan_jews,5000
Tanzania_jews,5000
Thailand_jews,5000
Timor-Leste_jews,5000
Togo_jews,5000
Tokelau_jews,5000
Tonga_jews,5000
Trinidad and Tobago_jews,5000
Tunisia_jews,5000
Turkey_jews,20000
Turkmenistan_jews,5000
Turks and Caicos Islands_jews,5000
Tuvalu_jews,5000
Uganda_jews,5000
Ukraine_jews,50000
United Arab Emirates_jews,5000
United Kingdom_jews,290000
United States_jews,5690000
United States Virgin Islands_jews,5000
Uruguay_jews,5000
Uzbekistan_jews,10000
Vanuatu_jews,5000
Vatican City_jews,5000
Venezuela_jews,5000
Vietnam_jews,5000
Wallis and Futuna_jews,5000
Western Sahara_jews,5000
Yemen_jews,5000
Zambia_jews,5000
Zimbabwe_jews,10000
